pair,pair_name,block,on_run,mean_step_time_ph0_s,mean_step_time_ph1_s,on_over_off_minus_1
1,il-p1,2,ph0,1.118479,1.112906,0.00500754
1,il-p1,3,ph1,1.155757,1.159326,0.00308840
1,il-p1,4,ph0,1.159880,1.147120,0.01112338
1,il-p1,5,ph1,1.159655,1.146542,-0.01130812
1,il-p1,6,ph0,1.173370,1.191238,-0.01499974
1,il-p1,7,ph1,1.084777,1.085492,0.00065872
1,il-p1,8,ph0,1.155943,1.155736,0.00017883
1,il-p1,9,ph1,1.155655,1.136141,-0.01688561
1,il-p1,10,ph0,1.115908,1.118336,-0.00217134
1,il-p1,11,ph1,1.121577,1.105321,-0.01449415
1,il-p1,12,ph0,1.103342,1.094865,0.00774200
1,il-p1,13,ph1,1.070998,1.077412,0.00598928
1,il-p1,14,ph0,1.139852,1.143049,-0.00279699
1,il-p1,15,ph1,1.362641,1.384317,0.01590709
1,il-p1,16,ph0,1.133616,1.140798,-0.00629526
1,il-p1,17,ph1,1.147830,1.142518,-0.00462835
1,il-p1,18,ph0,1.117199,1.105168,0.01088628
1,il-p1,19,ph1,1.098287,1.114103,0.01440037
1,il-p1,20,ph0,1.090190,1.092587,-0.00219369
1,il-p1,21,ph1,1.142704,1.131700,-0.00962976
1,il-p1,22,ph0,1.148870,1.136769,0.01064450
1,il-p1,23,ph1,1.180356,1.185548,0.00439849
1,il-p1,24,ph0,1.153911,1.159814,-0.00508982
1,il-p1,25,ph1,1.114614,1.111137,-0.00311957
1,il-p1,26,ph0,1.076641,1.082634,-0.00553514
1,il-p1,27,ph1,1.139219,1.148896,0.00849435
1,il-p1,28,ph0,1.095229,1.108864,-0.01229664
1,il-p1,29,ph1,1.273321,1.275213,0.00148636
2,v2a-p1,2,ph0,1.134715,1.114488,0.01814891
2,v2a-p1,3,ph1,1.160574,1.144664,-0.01370896
2,v2a-p1,4,ph0,1.156668,1.136834,0.01744639
2,v2a-p1,5,ph1,1.161609,1.154951,-0.00573142
2,v2a-p1,6,ph0,1.181090,1.181809,-0.00060849
2,v2a-p1,7,ph1,1.080240,1.087040,0.00629508
2,v2a-p1,8,ph0,1.153410,1.151436,0.00171383
2,v2a-p1,9,ph1,1.156785,1.149007,-0.00672391
2,v2a-p1,10,ph0,1.114529,1.115464,-0.00083809
2,v2a-p1,11,ph1,1.102275,1.105041,0.00250930
2,v2a-p1,12,ph0,1.100457,1.094172,0.00574398
2,v2a-p1,13,ph1,1.089775,1.091642,0.00171299
2,v2a-p1,14,ph0,1.326970,1.131925,0.17231309
2,v2a-p1,15,ph1,1.144239,1.267256,0.10750975
2,v2a-p1,16,ph0,1.136609,1.122791,0.01230634
2,v2a-p1,17,ph1,1.134548,1.156176,0.01906367
2,v2a-p1,18,ph0,1.107097,1.109011,-0.00172571
2,v2a-p1,19,ph1,1.099377,1.100201,0.00074923
2,v2a-p1,20,ph0,1.080180,1.080963,-0.00072404
2,v2a-p1,21,ph1,1.127406,1.117070,-0.00916807
2,v2a-p1,22,ph0,1.205766,1.160430,0.03906793
2,v2a-p1,23,ph1,1.131159,1.187612,0.04990766
2,v2a-p1,24,ph0,1.145075,1.158780,-0.01182747
2,v2a-p1,25,ph1,1.111188,1.109306,-0.00169392
2,v2a-p1,26,ph0,1.070829,1.080101,-0.00858496
2,v2a-p1,27,ph1,1.158872,1.156531,-0.00201987
2,v2a-p1,28,ph0,1.218663,1.105774,0.10209072
2,v2a-p1,29,ph1,1.129417,1.217191,0.07771656
3,v2b-p1,2,ph0,0.893252,0.902348,-0.01008016
3,v2b-p1,3,ph1,0.923827,0.931592,0.00840518
3,v2b-p1,4,ph0,0.932003,0.942148,-0.01076752
3,v2b-p1,5,ph1,0.932349,0.938197,0.00627223
3,v2b-p1,6,ph0,0.974477,0.967102,0.00762677
3,v2b-p1,7,ph1,0.869421,0.875063,0.00648914
3,v2b-p1,8,ph0,0.920227,0.921506,-0.00138874
3,v2b-p1,9,ph1,1.037824,0.996158,-0.04014747
3,v2b-p1,10,ph0,0.898137,0.898013,0.00013854
3,v2b-p1,11,ph1,0.896482,0.955449,0.06577591
3,v2b-p1,12,ph0,0.873442,0.879363,-0.00673272
3,v2b-p1,13,ph1,0.870550,0.876617,0.00696829
3,v2b-p1,14,ph0,0.921605,0.925296,-0.00398866
3,v2b-p1,15,ph1,0.931471,0.920796,-0.01145986
3,v2b-p1,16,ph0,0.960679,0.956007,0.00488650
3,v2b-p1,17,ph1,0.927153,0.927438,0.00030645
3,v2b-p1,18,ph0,0.892917,0.899784,-0.00763136
3,v2b-p1,19,ph1,0.884160,0.884821,0.00074738
3,v2b-p1,20,ph0,0.885662,0.877542,0.00925313
3,v2b-p1,21,ph1,0.912189,0.913808,0.00177499
3,v2b-p1,22,ph0,0.927866,0.928486,-0.00066720
3,v2b-p1,23,ph1,0.899686,0.900429,0.00082564
3,v2b-p1,24,ph0,0.931473,0.939095,-0.00811587
3,v2b-p1,25,ph1,0.946816,0.951676,0.00513284
3,v2b-p1,26,ph0,1.072243,1.096046,-0.02171741
3,v2b-p1,27,ph1,0.919742,0.920684,0.00102424
3,v2b-p1,28,ph0,0.876991,0.934321,-0.06136006
3,v2b-p1,29,ph1,0.921665,0.933130,0.01243911
4,v2c-p1,2,ph0,0.939187,0.938017,0.00124756
4,v2c-p1,3,ph1,0.974458,0.979886,0.00557053
4,v2c-p1,4,ph0,0.972557,0.972861,-0.00031227
4,v2c-p1,5,ph1,0.973265,0.969726,-0.00363638
4,v2c-p1,6,ph0,1.001177,1.020252,-0.01869673
4,v2c-p1,7,ph1,0.910866,0.912902,0.00223466
4,v2c-p1,8,ph0,0.968535,0.980473,-0.01217559
4,v2c-p1,9,ph1,1.065257,1.095991,0.02885095
4,v2c-p1,10,ph0,0.933574,0.936318,-0.00293000
4,v2c-p1,11,ph1,0.989042,0.934773,-0.05486984
4,v2c-p1,12,ph0,0.918419,0.912022,0.00701401
4,v2c-p1,13,ph1,0.914025,0.912440,-0.00173386
4,v2c-p1,14,ph0,0.958457,0.960386,-0.00200879
4,v2c-p1,15,ph1,1.089581,0.960733,-0.11825538
4,v2c-p1,16,ph0,0.954565,1.071560,-0.10918261
4,v2c-p1,17,ph1,0.967815,0.961686,-0.00633189
4,v2c-p1,18,ph0,0.938917,0.937133,0.00190453
4,v2c-p1,19,ph1,0.930202,0.923624,-0.00707178
4,v2c-p1,20,ph0,0.921135,0.919212,0.00209244
4,v2c-p1,21,ph1,0.964338,0.961299,-0.00315218
4,v2c-p1,22,ph0,0.972173,0.972634,-0.00047476
4,v2c-p1,23,ph1,0.939410,0.944672,0.00560041
4,v2c-p1,24,ph0,1.130219,0.969709,0.16552310
4,v2c-p1,25,ph1,0.984584,0.985613,0.00104467
4,v2c-p1,26,ph0,1.028420,1.025588,0.00276186
4,v2c-p1,27,ph1,0.973517,0.972726,-0.00081247
4,v2c-p1,28,ph0,0.987727,0.915201,0.07924585
4,v2c-p1,29,ph1,0.965420,0.962879,-0.00263216
