pair,block,on_over_off_minus_1,mean_ph0,mean_ph1
il-p1,2,0.00500754,1.118479,1.112906
il-p1,3,0.00308840,1.155757,1.159326
il-p1,4,0.01112338,1.159880,1.147120
il-p1,5,-0.01130812,1.159655,1.146542
il-p1,6,-0.01499974,1.173370,1.191238
il-p1,7,0.00065872,1.084777,1.085492
il-p1,8,0.00017883,1.155943,1.155736
il-p1,9,-0.01688561,1.155655,1.136141
il-p1,10,-0.00217134,1.115908,1.118336
il-p1,11,-0.01449415,1.121577,1.105321
il-p1,12,0.00774200,1.103342,1.094865
il-p1,13,0.00598928,1.070998,1.077412
il-p1,14,-0.00279699,1.139852,1.143049
il-p1,15,0.01590709,1.362641,1.384317
il-p1,16,-0.00629526,1.133616,1.140798
il-p1,17,-0.00462835,1.147830,1.142518
il-p1,18,0.01088628,1.117199,1.105168
il-p1,19,0.01440037,1.098287,1.114103
il-p1,20,-0.00219369,1.090190,1.092587
il-p1,21,-0.00962976,1.142704,1.131700
il-p1,22,0.01064450,1.148870,1.136769
il-p1,23,0.00439849,1.180356,1.185548
il-p1,24,-0.00508982,1.153911,1.159814
il-p1,25,-0.00311957,1.114614,1.111137
il-p1,26,-0.00553514,1.076641,1.082634
il-p1,27,0.00849435,1.139219,1.148896
il-p1,28,-0.01229664,1.095229,1.108864
il-p1,29,0.00148636,1.273321,1.275213
v2a-p1,2,0.01814891,1.134715,1.114488
v2a-p1,3,-0.01370896,1.160574,1.144664
v2a-p1,4,0.01744639,1.156668,1.136834
v2a-p1,5,-0.00573142,1.161609,1.154951
v2a-p1,6,-0.00060849,1.181090,1.181809
v2a-p1,7,0.00629508,1.080240,1.087040
v2a-p1,8,0.00171383,1.153410,1.151436
v2a-p1,9,-0.00672391,1.156785,1.149007
v2a-p1,10,-0.00083809,1.114529,1.115464
v2a-p1,11,0.00250930,1.102275,1.105041
v2a-p1,12,0.00574398,1.100457,1.094172
v2a-p1,13,0.00171299,1.089775,1.091642
v2a-p1,14,0.17231309,1.326970,1.131925
v2a-p1,15,0.10750975,1.144239,1.267256
v2a-p1,16,0.01230634,1.136609,1.122791
v2a-p1,17,0.01906367,1.134548,1.156176
v2a-p1,18,-0.00172571,1.107097,1.109011
v2a-p1,19,0.00074923,1.099377,1.100201
v2a-p1,20,-0.00072404,1.080180,1.080963
v2a-p1,21,-0.00916807,1.127406,1.117070
v2a-p1,22,0.03906793,1.205766,1.160430
v2a-p1,23,0.04990766,1.131159,1.187612
v2a-p1,24,-0.01182747,1.145075,1.158780
v2a-p1,25,-0.00169392,1.111188,1.109306
v2a-p1,26,-0.00858496,1.070829,1.080101
v2a-p1,27,-0.00201987,1.158872,1.156531
v2a-p1,28,0.10209072,1.218663,1.105774
v2a-p1,29,0.07771656,1.129417,1.217191
v2b-p1,2,-0.01008016,0.893252,0.902348
v2b-p1,3,0.00840518,0.923827,0.931592
v2b-p1,4,-0.01076752,0.932003,0.942148
v2b-p1,5,0.00627223,0.932349,0.938197
v2b-p1,6,0.00762677,0.974477,0.967102
v2b-p1,7,0.00648914,0.869421,0.875063
v2b-p1,8,-0.00138874,0.920227,0.921506
v2b-p1,9,-0.04014747,1.037824,0.996158
v2b-p1,10,0.00013854,0.898137,0.898013
v2b-p1,11,0.06577591,0.896482,0.955449
v2b-p1,12,-0.00673272,0.873442,0.879363
v2b-p1,13,0.00696829,0.870550,0.876617
v2b-p1,14,-0.00398866,0.921605,0.925296
v2b-p1,15,-0.01145986,0.931471,0.920796
v2b-p1,16,0.00488650,0.960679,0.956007
v2b-p1,17,0.00030645,0.927153,0.927438
v2b-p1,18,-0.00763136,0.892917,0.899784
v2b-p1,19,0.00074738,0.884160,0.884821
v2b-p1,20,0.00925313,0.885662,0.877542
v2b-p1,21,0.00177499,0.912189,0.913808
v2b-p1,22,-0.00066720,0.927866,0.928486
v2b-p1,23,0.00082564,0.899686,0.900429
v2b-p1,24,-0.00811587,0.931473,0.939095
v2b-p1,25,0.00513284,0.946816,0.951676
v2b-p1,26,-0.02171741,1.072243,1.096046
v2b-p1,27,0.00102424,0.919742,0.920684
v2b-p1,28,-0.06136006,0.876991,0.934321
v2b-p1,29,0.01243911,0.921665,0.933130
v2c-p1,2,0.00124756,0.939187,0.938017
v2c-p1,3,0.00557053,0.974458,0.979886
v2c-p1,4,-0.00031227,0.972557,0.972861
v2c-p1,5,-0.00363638,0.973265,0.969726
v2c-p1,6,-0.01869673,1.001177,1.020252
v2c-p1,7,0.00223466,0.910866,0.912902
v2c-p1,8,-0.01217559,0.968535,0.980473
v2c-p1,9,0.02885095,1.065257,1.095991
v2c-p1,10,-0.00293000,0.933574,0.936318
v2c-p1,11,-0.05486984,0.989042,0.934773
v2c-p1,12,0.00701401,0.918419,0.912022
v2c-p1,13,-0.00173386,0.914025,0.912440
v2c-p1,14,-0.00200879,0.958457,0.960386
v2c-p1,15,-0.11825538,1.089581,0.960733
v2c-p1,16,-0.10918261,0.954565,1.071560
v2c-p1,17,-0.00633189,0.967815,0.961686
v2c-p1,18,0.00190453,0.938917,0.937133
v2c-p1,19,-0.00707178,0.930202,0.923624
v2c-p1,20,0.00209244,0.921135,0.919212
v2c-p1,21,-0.00315218,0.964338,0.961299
v2c-p1,22,-0.00047476,0.972173,0.972634
v2c-p1,23,0.00560041,0.939410,0.944672
v2c-p1,24,0.16552310,1.130219,0.969709
v2c-p1,25,0.00104467,0.984584,0.985613
v2c-p1,26,0.00276186,1.028420,1.025588
v2c-p1,27,-0.00081247,0.973517,0.972726
v2c-p1,28,0.07924585,0.987727,0.915201
v2c-p1,29,-0.00263216,0.965420,0.962879
v2m-p1,2,-0.00489150,0.937845,0.942455
v2m-p1,3,0.00251495,0.973050,0.975497
v2m-p1,4,0.00703621,0.977103,0.970276
v2m-p1,5,-0.01041591,0.983346,0.973103
v2m-p1,6,-0.02056166,1.022410,1.043874
v2m-p1,7,-0.00772950,0.925031,0.917881
v2m-p1,8,0.05467979,1.018258,0.965466
v2m-p1,9,0.07295772,0.977905,1.049251
v2m-p1,10,0.06341271,0.996713,0.937278
v2m-p1,11,0.04395174,0.934742,0.975826
v2m-p1,12,0.00822799,0.924369,0.916826
v2m-p1,13,-0.00695818,0.919478,0.913080
v2m-p1,14,0.01904203,0.977109,0.958850
v2m-p1,15,-0.10585003,1.079039,0.964823
v2m-p1,16,-0.02486746,0.977344,1.002267
v2m-p1,17,0.00313446,0.970708,0.973751
v2m-p1,18,-0.00272325,0.933380,0.935928
v2m-p1,19,-0.00329074,0.926739,0.923689
v2m-p1,20,0.00712023,0.922805,0.916281
v2m-p1,21,0.00096616,0.957141,0.958066
v2m-p1,22,0.00520838,0.975100,0.970048
v2m-p1,23,-0.00800622,0.946408,0.938831
v2m-p1,24,0.11188449,1.086191,0.976892
v2m-p1,25,0.05704468,0.932968,0.986189
v2m-p1,26,-0.10591839,0.905358,1.012613
v2m-p1,27,0.00758619,0.961419,0.968712
v2m-p1,28,0.06160709,0.968452,0.912251
v2m-p1,29,-0.00623046,1.018841,1.012493
v2a-c1,2,-0.00447082,1.121951,1.126990
v2a-c1,3,-0.01152068,1.153484,1.140195
v2a-c1,4,-0.00016054,1.163393,1.163579
v2a-c1,5,0.00418918,1.140050,1.144826
v2a-c1,6,0.00764158,1.178708,1.169769
v2a-c1,7,0.01378558,1.080263,1.095155
v2a-c1,8,0.01903091,1.163746,1.142013
v2a-c1,9,-0.00126953,1.157454,1.155985
v2a-c1,10,-0.02604275,1.104309,1.133837
v2a-c1,11,0.00657670,1.103416,1.110673
v2a-c1,12,-0.00130246,1.093978,1.095404
v2a-c1,13,0.00276134,1.092229,1.095245
v2a-c1,14,0.00584150,1.131836,1.125262
v2a-c1,15,0.02326203,1.375916,1.407922
v2a-c1,16,-0.01380436,1.116822,1.132455
v2a-c1,17,0.00142344,1.136299,1.137917
v2a-c1,18,-0.02103686,1.103995,1.127718
v2a-c1,19,0.01047415,1.098395,1.109899
v2a-c1,20,0.00974882,1.097105,1.086513
v2a-c1,21,-0.00680668,1.136353,1.128619
v2a-c1,22,-0.00214456,1.134422,1.136860
v2a-c1,23,0.01164811,1.111606,1.124554
v2a-c1,24,0.00961413,1.161736,1.150673
v2a-c1,25,0.00174814,1.121201,1.123161
v2a-c1,26,0.00279479,1.095296,1.092244
v2a-c1,27,0.01737368,1.144187,1.164066
v2a-c1,28,-0.00058059,1.094474,1.095109
v2a-c1,29,0.05560794,1.207659,1.274814
v2b-c1,2,0.01059396,0.902160,0.892702
v2b-c1,3,-0.00495239,0.928740,0.924140
v2b-c1,4,-0.00148798,0.934187,0.935579
v2b-c1,5,0.01023122,0.930541,0.940062
v2b-c1,6,-0.00782376,0.970548,0.978201
v2b-c1,7,-0.00310223,0.872845,0.870137
v2b-c1,8,0.00763609,0.922717,0.915724
v2b-c1,9,0.11743659,0.942486,1.053168
v2b-c1,10,0.00686338,0.893782,0.887690
v2b-c1,11,-0.04859746,0.939641,0.893977
v2b-c1,12,-0.00511303,0.870860,0.875336
v2b-c1,13,0.00605450,0.873503,0.878792
v2b-c1,14,0.00160277,0.924570,0.923091
v2b-c1,15,0.01163918,0.924916,0.935682
v2b-c1,16,-0.05335703,1.028349,1.086311
v2b-c1,17,-0.00201387,0.936938,0.935051
v2b-c1,18,0.01305078,0.902753,0.891123
v2b-c1,19,0.00102795,0.885320,0.886230
v2b-c1,20,-0.00222767,0.878188,0.880148
v2b-c1,21,0.00503565,0.913804,0.918405
v2b-c1,22,-0.04532728,0.929054,0.973165
v2b-c1,23,0.00157190,0.896465,0.897874
v2b-c1,24,-0.00046247,0.934592,0.935025
v2b-c1,25,-0.16858708,1.077176,0.895578
v2b-c1,26,-0.03353574,0.931925,0.964262
v2b-c1,27,-0.00278843,0.923618,0.921043
v2b-c1,28,-0.00326653,0.874861,0.877728
v2b-c1,29,-0.00559451,0.983245,0.977744
v2c-c1,2,0.01786724,0.959637,0.942792
v2c-c1,3,0.00644501,0.972302,0.978568
v2c-c1,4,-0.00392577,0.968050,0.971865
v2c-c1,5,0.00326892,0.968736,0.971903
v2c-c1,6,-0.01071702,1.007320,1.018233
v2c-c1,7,0.00147175,0.908575,0.909912
v2c-c1,8,0.00415162,0.963771,0.959786
v2c-c1,9,-0.00963622,1.055483,1.045312
v2c-c1,10,-0.00419471,0.936421,0.940366
v2c-c1,11,0.00107001,1.008635,1.009714
v2c-c1,12,-0.00807434,0.911692,0.919113
v2c-c1,13,-0.00115426,0.911160,0.910108
v2c-c1,14,-0.00152066,0.956271,0.957728
v2c-c1,15,-0.00196440,0.971796,0.969887
v2c-c1,16,-0.06953896,1.004380,1.079443
v2c-c1,17,-0.00001079,0.961295,0.961285
v2c-c1,18,-0.00375032,0.930750,0.934254
v2c-c1,19,0.00305588,0.921754,0.924570
v2c-c1,20,-0.00759938,0.908367,0.915323
v2c-c1,21,-0.00633011,0.959199,0.953127
v2c-c1,22,-0.00006938,0.967914,0.967982
v2c-c1,23,-0.07434675,1.006994,0.932127
v2c-c1,24,0.00351278,0.971817,0.968415
v2c-c1,25,0.01715901,1.016618,1.034062
v2c-c1,26,-0.13110331,0.911952,1.049552
v2c-c1,27,-0.01211026,0.970688,0.958932
v2c-c1,28,0.01521971,0.925535,0.911660
v2c-c1,29,-0.12104608,1.091326,0.959226
